<?xml version="1.0" encoding="UTF-8" ?>
<!DOCTYPE RSyntaxTheme SYSTEM "theme.dtd">

<!--
	RSyntaxTextArea's default theme.
	See theme.dtd and org.fife.ui.rsyntaxtextarea.Theme for more information.
-->
<RSyntaxTheme version="1.0">

   <!-- Omitting baseFont will use a system-appropriate monospaced. -->
   <!--<baseFont family="..." size="13"/>-->
   
   <!--  General editor colors. -->
   <background color="000000"/>
   <caret color="424242"/>
   <selection fg="ffffff" bg="4a90d9" />
   <currentLineHighlight color="ffffaa" fade="false"/>
   <marginLine fg="b0b4b9"/>
   <markAllHighlight color="ffc800"/>
   <markOccurrencesHighlight color="d4d4d4" border="false"/>
   <matchedBracket fg="000080" bg="ffffff" highlightBoth="false" animate="false"/>
   <hyperlinks fg="0000ff"/>
   <secondaryLanguages>
      <language index="1" bg="fff0cc"/>
      <language index="2" bg="dafeda"/>
      <language index="3" bg="ffe0f0"/>
   </secondaryLanguages>
   
   <!-- Gutter styling. -->
   <gutterBorder color="dddddd"/>
   <lineNumbers fg="787878"/>
   <foldIndicator fg="808080" iconBg="ffffff"/>
   <iconRowHeader activeLineRange="3399ff"/>
   
   <!-- Syntax tokens. -->
   <tokenStyles>
      <style token="IDENTIFIER" fg="ffffff"/>
      <style token="DATA_TYPE" fg="008080" bold="true"/>
      <style token="FUNCTION" fg="cc6600"/>
      <style token="VARIABLE" fg="cc6600" bold="true"/>
      <style token="RESERVED_WORD" fg="024f8b" bold="true"/>
      <style token="RESERVED_WORD_2" fg="008080" bold="false"/>
      <style token="PREPROCESSOR" fg="ffffff" bold="false"/>

      <style token="ANNOTATION" fg="808080"/>
      <style token="COMMENT_DOCUMENTATION" fg="7e7e7e"/>
      <style token="COMMENT_EOL" fg="7e7e7e"/>
      <style token="COMMENT_MULTILINE" fg="7e7e7e"/>
      <style token="COMMENT_KEYWORD" fg="7F9FBF" bold="true"/>
      <style token="COMMENT_MARKUP" fg="7f7f9f"/>
      <style token="LITERAL_BOOLEAN" fg="ffffff" bold="false"/>
      <style token="LITERAL_NUMBER_DECIMAL_INT" fg="ffffff"/>
      <style token="LITERAL_NUMBER_FLOAT" fg="ffffff"/>
      <style token="LITERAL_NUMBER_HEXADECIMAL" fg="ffffff"/>
      <style token="LITERAL_STRING_DOUBLE_QUOTE" fg="006699"/>
      <style token="LITERAL_CHAR" fg="006699"/>
      <style token="LITERAL_BACKQUOTE" fg="ffffff"/>

      <style token="OPERATOR" fg="804040"/>
      <style token="REGEX" fg="008040"/>
      <style token="SEPARATOR" fg="ffffff" />
      <style token="WHITESPACE" fg="ffffff"/>
      <style token="ERROR_IDENTIFIER" fg="ffffff" />
      <style token="ERROR_NUMBER_FORMAT" fg="ffffff" />
      <style token="ERROR_STRING_DOUBLE" fg="ffffff" />
      <style token="ERROR_CHAR" fg="ffffff" />
   </tokenStyles>

</RSyntaxTheme>
